in_domain_accuracy,out_of_domain_accuracy
0.6313508667065152,0.5003666666666666
0.6676628810520024,0.5249666666666667
0.7208607292289301,0.49746666666666667
