n,run,in_domain_accuracy,out_of_domain_accuracy
2,0,0.4801255230125523,0.5
16,0,0.5449790794979079,0.5
32,0,0.5446802151823072,0.5
64,0,0.5853257621040048,0.49673333333333336
128,0,0.6708009563658099,0.5
