n,run,in_domain_accuracy,out_of_domain_accuracy
2,0,0.49581589958158995,0.5088333333333334
16,0,0.5397489539748954,0.5015
32,0,0.5582785415421399,0.4997
64,0,0.5778541542139869,0.4961333333333333
128,0,0.6585475194261805,0.5
