n,run,in_domain_accuracy,out_of_domain_accuracy
2,0,0.49222952779438134,0.5000666666666667
16,0,0.5932456664674238,0.4936
32,0,0.6243275552898984,0.4982333333333333
64,0,0.682904961147639,0.4992
128,0,0.6876867901972504,0.49993333333333334
